step,fid,skip_factor,dataset,teacher_timesteps,student_timesteps,num_iters,scheduling_strategy
1,463.6773681640625,2,cifar10,2,1,1000,nefvlf
1,212.51185607910156,2,cifar10,2,1,500,default
1,322.562744140625,2,mnist,16,8,32,default
2,317.0593566894531,2,mnist,16,8,32,default
4,311.9989318847656,2,mnist,16,8,32,default
8,190.3399200439453,2,mnist,16,8,32,default
1,322.64215087890625,2,mnist,16,8,128,default
2,318.729248046875,2,mnist,16,8,128,default
4,312.2912292480469,2,mnist,16,8,128,default
8,192.95872497558594,2,mnist,16,8,128,default
2,209.85182189941406,2,cifar10,32,16,500,default
4,208.00672912597656,2,cifar10,32,16,500,default
8,193.185791015625,2,cifar10,32,16,500,default
16,242.92437744140625,2,cifar10,32,16,500,default
1,309.30694580078125,8,mnist,8,1,1000,ef
4,323.33056640625,2,mnist,256,128,1000,default
32,313.03155517578125,2,mnist,256,128,1000,default
64,310.7895202636719,2,mnist,256,128,1000,default
128,225.48402404785156,2,mnist,256,128,1000,default
1,309.31866455078125,2,mnist,2,1,1000,nefvlf
1,317.2239685058594,2,mnist,4,2,500,default
2,293.5818176269531,2,mnist,4,2,500,default
1,429.658447265625,2,cifar10,2,1,32,default
4,323.849853515625,2,mnist,512,256,1000,default
64,315.055419921875,2,mnist,512,256,1000,default
128,312.3814392089844,2,mnist,512,256,1000,default
256,170.69129943847656,2,mnist,512,256,1000,default
1,300.09820556640625,4,mnist,4,1,1000,default
2,323.5263366699219,8,mnist,128,16,1000,default
4,317.6958312988281,8,mnist,128,16,1000,default
8,312.12823486328125,8,mnist,128,16,1000,default
16,189.1602020263672,8,mnist,128,16,1000,default
4,203.0984649658203,2,cifar10,128,64,128,default
16,203.29046630859375,2,cifar10,128,64,128,default
32,189.8260040283203,2,cifar10,128,64,128,default
64,191.9270782470703,2,cifar10,128,64,128,default
1,320.8877258300781,2,mnist,8,4,500,default
2,320.2888488769531,2,mnist,8,4,500,default
4,300.4552001953125,2,mnist,8,4,500,default
1,209.0118408203125,2,cifar10,8,4,1000,nefvlf
2,216.69332885742188,2,cifar10,8,4,1000,nefvlf
4,337.96453857421875,2,cifar10,8,4,1000,nefvlf
4,205.8217010498047,nan,cifar10,nan,nan,1000,default
64,205.9642791748047,nan,cifar10,nan,nan,1000,default
128,205.43309020996094,nan,cifar10,nan,nan,1000,default
512,183.95494079589844,nan,cifar10,nan,nan,1000,default
1024,175.92172241210938,nan,cifar10,nan,nan,1000,default
1,302.9755554199219,32,mnist,32,1,1000,default
1,531.193359375,32,cifar10,32,1,1000,default
1,320.61285400390625,2,mnist,8,4,1000,nefvlf
2,318.4446105957031,2,mnist,8,4,1000,nefvlf
4,250.7993927001953,2,mnist,8,4,1000,nefvlf
4,205.67840576171875,2,cifar10,512,256,128,default
64,202.23919677734375,2,cifar10,512,256,128,default
128,185.44403076171875,2,cifar10,512,256,128,default
256,185.84579467773438,2,cifar10,512,256,128,default
4,206.24569702148438,32,cifar10,1024,32,1000,default
8,205.5365753173828,32,cifar10,1024,32,1000,default
16,192.82669067382812,32,cifar10,1024,32,1000,default
32,145.26158142089844,32,cifar10,1024,32,1000,default
1,301.3284606933594,4,mnist,4,1,1000,l
1,322.03265380859375,32,mnist,1024,32,1000,nefvlf
4,320.9063720703125,32,mnist,1024,32,1000,nefvlf
8,316.1117858886719,32,mnist,1024,32,1000,nefvlf
32,187.26318359375,32,mnist,1024,32,1000,nefvlf
4,203.09828186035156,2,cifar10,256,128,32,default
32,199.4878692626953,2,cifar10,256,128,32,default
64,185.3177032470703,2,cifar10,256,128,32,default
128,180.0624237060547,2,cifar10,256,128,32,default
4,324.1055603027344,2,mnist,512,256,500,default
64,314.1296691894531,2,mnist,512,256,500,default
128,309.2569580078125,2,mnist,512,256,500,default
256,151.56393432617188,2,mnist,512,256,500,default
1,319.117919921875,2,mnist,4,2,32,default
2,283.1691589355469,2,mnist,4,2,32,default
1,319.9485778808594,256,mnist,1024,4,1000,default
2,314.5826416015625,256,mnist,1024,4,1000,default
4,221.28709411621094,256,mnist,1024,4,1000,default
4,204.95556640625,2,cifar10,64,32,500,default
8,202.5142364501953,2,cifar10,64,32,500,default
16,183.6206512451172,2,cifar10,64,32,500,default
32,241.131103515625,2,cifar10,64,32,500,default
4,203.9829559326172,2,cifar10,256,128,1000,vefnlf
16,200.7249755859375,2,cifar10,256,128,1000,vefnlf
32,199.71798706054688,2,cifar10,256,128,1000,vefnlf
128,270.5043029785156,2,cifar10,256,128,1000,vefnlf
4,323.765380859375,2,mnist,128,64,500,default
16,315.716064453125,2,mnist,128,64,500,default
32,312.3789367675781,2,mnist,128,64,500,default
64,273.38238525390625,2,mnist,128,64,500,default
4,206.26315307617188,2,cifar10,256,128,1000,ef
16,204.45816040039062,2,cifar10,256,128,1000,ef
32,200.17364501953125,2,cifar10,256,128,1000,ef
128,222.86111450195312,2,cifar10,256,128,1000,ef
1,317.1672668457031,4,mnist,16,4,1000,default
2,317.89990234375,4,mnist,16,4,1000,default
4,265.6455078125,4,mnist,16,4,1000,default
1,315.7856750488281,2,mnist,4,2,1000,default
2,292.4786376953125,2,mnist,4,2,1000,default
4,322.6341857910156,2,mnist,256,128,1000,ef
16,321.5757141113281,2,mnist,256,128,1000,ef
32,317.6705322265625,2,mnist,256,128,1000,ef
128,229.55972290039062,2,mnist,256,128,1000,ef
1,203.8986358642578,2,cifar10,16,8,1000,nefvlf
2,205.56405639648438,2,cifar10,16,8,1000,nefvlf
4,211.52713012695312,2,cifar10,16,8,1000,nefvlf
8,275.3119812011719,2,cifar10,16,8,1000,nefvlf
4,211.53701782226562,2,cifar10,128,64,1000,vefnlf
8,209.91000366210938,2,cifar10,128,64,1000,vefnlf
16,205.28384399414062,2,cifar10,128,64,1000,vefnlf
64,275.67724609375,2,cifar10,128,64,1000,vefnlf
4,325.9425354003906,2,mnist,128,64,1000,vefnlf
8,322.1271667480469,2,mnist,128,64,1000,vefnlf
16,316.8828430175781,2,mnist,128,64,1000,vefnlf
64,275.6686706542969,2,mnist,128,64,1000,vefnlf
1,213.2155303955078,2,cifar10,4,2,1000,lf
2,297.5754699707031,2,cifar10,4,2,1000,lf
1,282.1660461425781,32,cifar10,32,1,1000,vefnlf
4,209.25013732910156,2,cifar10,1024,512,1000,ef
32,209.57156372070312,2,cifar10,1024,512,1000,ef
256,180.9296875,2,cifar10,1024,512,1000,ef
512,199.53004455566406,2,cifar10,1024,512,1000,ef
4,326.13861083984375,16,mnist,1024,64,1000,default
16,318.21075439453125,16,mnist,1024,64,1000,default
32,310.56396484375,16,mnist,1024,64,1000,default
64,164.68212890625,16,mnist,1024,64,1000,default
4,200.2841796875,4,cifar10,1024,256,1000,l
32,197.82518005371094,4,cifar10,1024,256,1000,l
128,174.99717712402344,4,cifar10,1024,256,1000,l
256,131.89877319335938,4,cifar10,1024,256,1000,l
4,323.6377258300781,4,mnist,1024,256,1000,l
32,321.42864990234375,4,mnist,1024,256,1000,l
128,310.0511169433594,4,mnist,1024,256,1000,l
256,154.17889404296875,4,mnist,1024,256,1000,l
4,326.07586669921875,2,mnist,128,64,32,default
16,318.8066101074219,2,mnist,128,64,32,default
32,309.4476623535156,2,mnist,128,64,32,default
64,174.16819763183594,2,mnist,128,64,32,default
4,203.82781982421875,2,cifar10,512,256,500,default
64,198.70156860351562,2,cifar10,512,256,500,default
128,177.6173858642578,2,cifar10,512,256,500,default
256,203.7105255126953,2,cifar10,512,256,500,default
1,322.7982177734375,4,mnist,128,32,1000,lf
4,320.49462890625,4,mnist,128,32,1000,lf
8,317.0248718261719,4,mnist,128,32,1000,lf
32,192.5140380859375,4,mnist,128,32,1000,lf
4,206.10006713867188,4,cifar10,1024,256,1000,default
64,203.02987670898438,4,cifar10,1024,256,1000,default
128,183.03358459472656,4,cifar10,1024,256,1000,default
256,149.18336486816406,4,cifar10,1024,256,1000,default
4,324.1728210449219,2,mnist,512,256,128,default
64,317.38330078125,2,mnist,512,256,128,default
128,307.1893005371094,2,mnist,512,256,128,default
256,150.73390197753906,2,mnist,512,256,128,default
1,428.2605895996094,2,cifar10,2,1,128,default
1,324.4882507324219,2,mnist,64,32,1000,vefnlf
4,322.5083923339844,2,mnist,64,32,1000,vefnlf
8,314.9063415527344,2,mnist,64,32,1000,vefnlf
32,273.7005310058594,2,mnist,64,32,1000,vefnlf
4,325.22589111328125,2,mnist,512,256,1000,vefnlf
32,322.8606262207031,2,mnist,512,256,1000,vefnlf
128,310.8170166015625,2,mnist,512,256,1000,vefnlf
256,162.723388671875,2,mnist,512,256,1000,vefnlf
1,320.439453125,2,mnist,16,8,500,default
2,314.404052734375,2,mnist,16,8,500,default
4,315.0504455566406,2,mnist,16,8,500,default
8,292.3274841308594,2,mnist,16,8,500,default
2,201.82464599609375,2,cifar10,32,16,128,default
4,203.2149658203125,2,cifar10,32,16,128,default
8,208.5216064453125,2,cifar10,32,16,128,default
16,245.89190673828125,2,cifar10,32,16,128,default
1,321.356689453125,2,mnist,8,4,128,default
2,317.9074401855469,2,mnist,8,4,128,default
4,230.58384704589844,2,mnist,8,4,128,default
4,201.35678100585938,2,cifar10,128,64,500,default
16,199.0255126953125,2,cifar10,128,64,500,default
32,176.74949645996094,2,cifar10,128,64,500,default
64,245.08445739746094,2,cifar10,128,64,500,default
1,467.4417724609375,8,cifar10,8,1,1000,ef
1,318.5073547363281,2,mnist,4,2,128,default
2,281.5574645996094,2,mnist,4,2,128,default
4,326.3734436035156,2,mnist,1024,512,1000,default
64,323.4613342285156,2,mnist,1024,512,1000,default
128,318.1971130371094,2,mnist,1024,512,1000,default
512,150.37852478027344,2,mnist,1024,512,1000,default
2,215.4536895751953,2,cifar10,32,16,32,default
4,217.74456787109375,2,cifar10,32,16,32,default
8,220.52232360839844,2,cifar10,32,16,32,default
16,231.75062561035156,2,cifar10,32,16,32,default
4,325.61212158203125,8,mnist,1024,128,1000,default
32,317.26654052734375,8,mnist,1024,128,1000,default
64,312.6136474609375,8,mnist,1024,128,1000,default
128,149.6214141845703,8,mnist,1024,128,1000,default
4,211.628173828125,4,cifar10,256,64,1000,l
16,207.72898864746094,4,cifar10,256,64,1000,l
64,100.75894165039062,4,cifar10,256,64,1000,l
1,315.1968078613281,2,mnist,8,4,1000,default
2,317.13531494140625,2,mnist,8,4,1000,default
4,296.566650390625,2,mnist,8,4,1000,default
1,213.52252197265625,2,cifar10,16,8,1000,default
2,215.55154418945312,2,cifar10,16,8,1000,default
4,211.39614868164062,2,cifar10,16,8,1000,default
8,297.91412353515625,2,cifar10,16,8,1000,default
1,315.76397705078125,2,mnist,4,2,1000,lf
2,270.26556396484375,2,mnist,4,2,1000,lf
4,326.2115173339844,2,mnist,256,128,32,default
32,320.1807556152344,2,mnist,256,128,32,default
64,311.71282958984375,2,mnist,256,128,32,default
128,151.145263671875,2,mnist,256,128,32,default
2,205.08094787597656,4,cifar10,64,16,1000,default
4,204.3909454345703,4,cifar10,64,16,1000,default
8,195.90560913085938,4,cifar10,64,16,1000,default
16,148.48077392578125,4,cifar10,64,16,1000,default
2,322.00628662109375,4,mnist,64,16,1000,default
4,318.29730224609375,4,mnist,64,16,1000,default
8,313.33740234375,4,mnist,64,16,1000,default
16,204.58990478515625,4,mnist,64,16,1000,default
1,495.588623046875,4,cifar10,4,1,1000,l
1,318.38800048828125,8,mnist,16,2,1000,default
2,263.2051696777344,8,mnist,16,2,1000,default
4,205.7601318359375,4,cifar10,256,64,1000,default
16,202.66665649414062,4,cifar10,256,64,1000,default
32,188.0574951171875,4,cifar10,256,64,1000,default
64,110.3606185913086,4,cifar10,256,64,1000,default
4,210.69627380371094,8,cifar10,1024,128,1000,lf
16,210.79409790039062,8,cifar10,1024,128,1000,lf
32,206.05136108398438,8,cifar10,1024,128,1000,lf
128,99.36308288574219,8,cifar10,1024,128,1000,lf
1,323.2085876464844,2,mnist,8,4,32,default
2,317.0372619628906,2,mnist,8,4,32,default
4,227.40151977539062,2,mnist,8,4,32,default
4,206.9621124267578,2,cifar10,64,32,128,default
8,207.39910888671875,2,cifar10,64,32,128,default
16,204.6077423095703,2,cifar10,64,32,128,default
32,211.89517211914062,2,cifar10,64,32,128,default
4,326.1604919433594,2,mnist,128,64,128,default
16,319.2626037597656,2,mnist,128,64,128,default
32,309.9914855957031,2,mnist,128,64,128,default
64,175.0802764892578,2,mnist,128,64,128,default
2,321.5040588378906,4,mnist,128,32,1000,ef
16,309.6474304199219,4,mnist,128,32,1000,ef
32,287.3857727050781,4,mnist,128,32,1000,ef
4,208.33819580078125,2,cifar10,128,64,1000,default
16,200.97113037109375,2,cifar10,128,64,1000,default
32,183.41563415527344,2,cifar10,128,64,1000,default
64,256.50048828125,2,cifar10,128,64,1000,default
1,211.2297821044922,2,cifar10,32,16,1000,nefvlf
4,210.65359497070312,2,cifar10,32,16,1000,nefvlf
8,209.1133270263672,2,cifar10,32,16,1000,nefvlf
16,206.14707946777344,2,cifar10,32,16,1000,nefvlf
1,217.5322723388672,2,cifar10,2,1,1000,default
4,322.9194030761719,2,mnist,1024,512,1000,vefnlf
64,321.8570251464844,2,mnist,1024,512,1000,vefnlf
128,318.0717468261719,2,mnist,1024,512,1000,vefnlf
512,148.7534637451172,2,mnist,1024,512,1000,vefnlf
4,204.39407348632812,2,cifar10,64,32,32,default
8,204.49432373046875,2,cifar10,64,32,32,default
16,201.1084747314453,2,cifar10,64,32,32,default
32,199.5628204345703,2,cifar10,64,32,32,default
1,209.55050659179688,2,cifar10,4,2,1000,nefvlf
2,283.67315673828125,2,cifar10,4,2,1000,nefvlf
4,206.6395263671875,2,cifar10,256,128,500,default
32,201.10845947265625,2,cifar10,256,128,500,default
64,180.61712646484375,2,cifar10,256,128,500,default
128,225.52752685546875,2,cifar10,256,128,500,default
4,326.19171142578125,4,mnist,1024,256,1000,default
64,317.8503723144531,4,mnist,1024,256,1000,default
128,311.527587890625,4,mnist,1024,256,1000,default
256,149.61924743652344,4,mnist,1024,256,1000,default
1,317.2307434082031,2,mnist,4,2,1000,nefvlf
2,268.6265563964844,2,mnist,4,2,1000,nefvlf
1,213.2771453857422,2,cifar10,16,8,500,default
2,213.99374389648438,2,cifar10,16,8,500,default
4,211.44888305664062,2,cifar10,16,8,500,default
8,298.3191223144531,2,cifar10,16,8,500,default
4,203.64736938476562,2,cifar10,1024,512,500,default
64,203.53634643554688,2,cifar10,1024,512,500,default
128,198.9283905029297,2,cifar10,1024,512,500,default
512,191.24981689453125,2,cifar10,1024,512,500,default
4,323.4232177734375,4,mnist,256,64,1000,l
16,317.1899719238281,4,mnist,256,64,1000,l
64,164.41163635253906,4,mnist,256,64,1000,l
2,208.3719482421875,4,cifar10,64,16,1000,l
4,207.5009307861328,4,cifar10,64,16,1000,l
16,161.267333984375,4,cifar10,64,16,1000,l
1,211.20925903320312,2,cifar10,8,4,1000,lf
2,215.09402465820312,2,cifar10,8,4,1000,lf
4,289.5878601074219,2,cifar10,8,4,1000,lf
4,324.4796142578125,2,mnist,256,128,128,default
32,319.20440673828125,2,mnist,256,128,128,default
64,309.4263916015625,2,mnist,256,128,128,default
128,155.66574096679688,2,mnist,256,128,128,default
1,208.07420349121094,4,cifar10,16,4,1000,l
2,209.17892456054688,4,cifar10,16,4,1000,l
4,282.6449279785156,4,cifar10,16,4,1000,l
4,324.8658142089844,4,mnist,256,64,1000,default
16,317.3109436035156,4,mnist,256,64,1000,default
32,310.94464111328125,4,mnist,256,64,1000,default
64,178.36561584472656,4,mnist,256,64,1000,default
4,325.0984191894531,2,mnist,1024,512,32,default
64,324.7123718261719,2,mnist,1024,512,32,default
128,321.9721984863281,2,mnist,1024,512,32,default
512,153.55125427246094,2,mnist,1024,512,32,default
1,205.78860473632812,2,cifar10,64,32,1000,vefnlf
4,205.41136169433594,2,cifar10,64,32,1000,vefnlf
8,202.54405212402344,2,cifar10,64,32,1000,vefnlf
32,280.31072998046875,2,cifar10,64,32,1000,vefnlf
1,215.46400451660156,2,cifar10,4,2,1000,default
2,311.8762512207031,2,cifar10,4,2,1000,default
2,316.3860778808594,4,mnist,32,8,1000,ef
4,315.250244140625,4,mnist,32,8,1000,ef
8,279.693115234375,4,mnist,32,8,1000,ef
4,203.45005798339844,2,cifar10,1024,512,1000,default
64,200.9868621826172,2,cifar10,1024,512,1000,default
128,198.08099365234375,2,cifar10,1024,512,1000,default
512,195.11058044433594,2,cifar10,1024,512,1000,default
2,321.9408874511719,2,mnist,32,16,500,default
4,316.2689514160156,2,mnist,32,16,500,default
8,315.5066833496094,2,mnist,32,16,500,default
16,266.5762634277344,2,mnist,32,16,500,default
4,324.997314453125,2,mnist,128,64,1000,default
16,316.4438171386719,2,mnist,128,64,1000,default
32,311.6898193359375,2,mnist,128,64,1000,default
64,288.6723327636719,2,mnist,128,64,1000,default
1,312.61285400390625,2,mnist,2,1,128,default
1,208.24667358398438,2,cifar10,8,4,128,default
2,218.1885986328125,2,cifar10,8,4,128,default
4,260.352783203125,2,cifar10,8,4,128,default
1,218.47329711914062,2,cifar10,4,2,128,default
2,235.52249145507812,2,cifar10,4,2,128,default
4,324.7914733886719,2,mnist,1024,512,128,default
64,322.5092468261719,2,mnist,1024,512,128,default
128,318.5439758300781,2,mnist,1024,512,128,default
512,151.64410400390625,2,mnist,1024,512,128,default
1,323.50457763671875,2,mnist,16,8,1000,nefvlf
2,318.8854064941406,2,mnist,16,8,1000,nefvlf
4,314.3433837890625,2,mnist,16,8,1000,nefvlf
8,205.43698120117188,2,mnist,16,8,1000,nefvlf
4,324.3294677734375,2,mnist,256,128,1000,vefnlf
16,321.97369384765625,2,mnist,256,128,1000,vefnlf
32,314.7053527832031,2,mnist,256,128,1000,vefnlf
128,215.4034881591797,2,mnist,256,128,1000,vefnlf
1,321.4575500488281,4,mnist,32,8,1000,lf
4,317.03424072265625,4,mnist,32,8,1000,lf
8,225.94174194335938,4,mnist,32,8,1000,lf
4,209.47169494628906,2,cifar10,512,256,32,default
64,205.13661193847656,2,cifar10,512,256,32,default
128,187.66026306152344,2,cifar10,512,256,32,default
256,175.95823669433594,2,cifar10,512,256,32,default
4,326.37078857421875,2,mnist,1024,512,1000,ef
32,325.59637451171875,2,mnist,1024,512,1000,ef
256,311.3176574707031,2,mnist,1024,512,1000,ef
512,152.7296142578125,2,mnist,1024,512,1000,ef
4,210.1415252685547,8,cifar10,1024,128,1000,default
32,205.0596466064453,8,cifar10,1024,128,1000,default
64,186.30398559570312,8,cifar10,1024,128,1000,default
128,96.26278686523438,8,cifar10,1024,128,1000,default
4,208.8477325439453,2,cifar10,1024,512,1000,vefnlf
64,207.23675537109375,2,cifar10,1024,512,1000,vefnlf
128,202.62075805664062,2,cifar10,1024,512,1000,vefnlf
512,210.06851196289062,2,cifar10,1024,512,1000,vefnlf
1,468.7589416503906,2,cifar10,2,1,1000,lf
4,325.3466491699219,2,mnist,64,32,32,default
8,321.005859375,2,mnist,64,32,32,default
16,311.6974792480469,2,mnist,64,32,32,default
32,183.64967346191406,2,mnist,64,32,32,default
4,325.2900695800781,nan,mnist,nan,nan,1000,default
64,323.5861511230469,nan,mnist,nan,nan,1000,default
128,322.2171630859375,nan,mnist,nan,nan,1000,default
512,307.1700134277344,nan,mnist,nan,nan,1000,default
1024,152.69851684570312,nan,mnist,nan,nan,1000,default
2,209.6293487548828,2,cifar10,32,16,1000,default
4,207.31491088867188,2,cifar10,32,16,1000,default
8,193.29051208496094,2,cifar10,32,16,1000,default
16,247.85731506347656,2,cifar10,32,16,1000,default
4,322.105712890625,2,mnist,64,32,500,default
8,316.2890319824219,2,mnist,64,32,500,default
16,312.9690856933594,2,mnist,64,32,500,default
32,289.1737976074219,2,mnist,64,32,500,default
2,322.57366943359375,2,mnist,32,16,32,default
4,316.2259521484375,2,mnist,32,16,32,default
8,307.6230773925781,2,mnist,32,16,32,default
16,184.5638885498047,2,mnist,32,16,32,default
2,322.0784606933594,2,mnist,32,16,1000,default
4,318.794921875,2,mnist,32,16,1000,default
8,315.99530029296875,2,mnist,32,16,1000,default
16,269.20867919921875,2,mnist,32,16,1000,default
1,503.83111572265625,4,cifar10,4,1,1000,default
1,197.53045654296875,2,cifar10,8,4,32,default
2,204.02230834960938,2,cifar10,8,4,32,default
4,231.98297119140625,2,cifar10,8,4,32,default
1,211.52210998535156,4,cifar10,16,4,1000,default
2,212.6333770751953,4,cifar10,16,4,1000,default
4,264.8407897949219,4,cifar10,16,4,1000,default
1,325.5399169921875,2,mnist,32,16,1000,nefvlf
4,316.8255310058594,2,mnist,32,16,1000,nefvlf
8,310.4127197265625,2,mnist,32,16,1000,nefvlf
16,185.4543914794922,2,mnist,32,16,1000,nefvlf
1,309.26617431640625,2,mnist,2,1,32,default
2,322.6875305175781,2,mnist,32,16,128,default
4,318.9770812988281,2,mnist,32,16,128,default
8,310.0957336425781,2,mnist,32,16,128,default
16,182.4532470703125,2,mnist,32,16,128,default
1,208.75428771972656,2,cifar10,16,8,32,default
2,210.4735107421875,2,cifar10,16,8,32,default
4,218.60951232910156,2,cifar10,16,8,32,default
8,270.9958801269531,2,cifar10,16,8,32,default
1,342.3065185546875,2,mnist,2,1,500,default
1,341.8717041015625,2,mnist,2,1,1000,default
1,204.90066528320312,4,cifar10,128,32,1000,lf
4,203.1051025390625,4,cifar10,128,32,1000,lf
8,201.80751037597656,4,cifar10,128,32,1000,lf
32,111.04127502441406,4,cifar10,128,32,1000,lf
4,324.5321960449219,2,mnist,1024,512,500,default
64,324.16741943359375,2,mnist,1024,512,500,default
128,318.89794921875,2,mnist,1024,512,500,default
512,155.23684692382812,2,mnist,1024,512,500,default
1,210.46826171875,2,cifar10,4,2,500,default
2,310.8096618652344,2,cifar10,4,2,500,default
2,320.6089782714844,4,mnist,64,16,1000,l
4,317.4591979980469,4,mnist,64,16,1000,l
16,198.20672607421875,4,mnist,64,16,1000,l
1,209.544921875,32,cifar10,1024,32,1000,nefvlf
4,208.7763671875,32,cifar10,1024,32,1000,nefvlf
8,208.4743194580078,32,cifar10,1024,32,1000,nefvlf
32,139.65602111816406,32,cifar10,1024,32,1000,nefvlf
1,206.7352294921875,2,cifar10,8,4,500,default
2,212.3854217529297,2,cifar10,8,4,500,default
4,321.5510559082031,2,cifar10,8,4,500,default
4,204.54161071777344,2,cifar10,1024,512,32,default
64,203.36956787109375,2,cifar10,1024,512,32,default
128,202.33306884765625,2,cifar10,1024,512,32,default
512,176.28054809570312,2,cifar10,1024,512,32,default
1,207.6061553955078,2,cifar10,16,8,128,default
2,209.2755126953125,2,cifar10,16,8,128,default
4,217.6334228515625,2,cifar10,16,8,128,default
8,282.67181396484375,2,cifar10,16,8,128,default
4,209.2365264892578,2,cifar10,512,256,1000,vefnlf
32,206.5629119873047,2,cifar10,512,256,1000,vefnlf
128,182.29763793945312,2,cifar10,512,256,1000,vefnlf
256,250.05929565429688,2,cifar10,512,256,1000,vefnlf
1,318.6063232421875,2,mnist,8,4,1000,lf
2,316.4453125,2,mnist,8,4,1000,lf
4,267.9255676269531,2,mnist,8,4,1000,lf
4,205.85128784179688,2,cifar10,256,128,128,default
32,201.32130432128906,2,cifar10,256,128,128,default
64,188.73898315429688,2,cifar10,256,128,128,default
128,184.81761169433594,2,cifar10,256,128,128,default
2,209.41761779785156,4,cifar10,32,8,1000,ef
4,204.36878967285156,4,cifar10,32,8,1000,ef
8,291.74005126953125,4,cifar10,32,8,1000,ef
4,207.3031005859375,2,cifar10,128,64,32,default
16,207.6129150390625,2,cifar10,128,64,32,default
32,194.57452392578125,2,cifar10,128,64,32,default
64,184.1556854248047,2,cifar10,128,64,32,default
1,318.7886047363281,4,mnist,16,4,1000,l
2,319.3794860839844,4,mnist,16,4,1000,l
4,257.86895751953125,4,mnist,16,4,1000,l
4,323.61480712890625,2,mnist,512,256,32,default
64,317.0550537109375,2,mnist,512,256,32,default
128,307.870849609375,2,mnist,512,256,32,default
256,146.2172088623047,2,mnist,512,256,32,default
1,208.90774536132812,2,cifar10,8,4,1000,default
2,216.04537963867188,2,cifar10,8,4,1000,default
4,323.6844482421875,2,cifar10,8,4,1000,default
16,366.5469055175781,nan,mnist,nan,nan,1000,default
32,354.9608154296875,nan,mnist,nan,nan,1000,default
128,238.01361083984375,nan,mnist,nan,nan,1000,default
4,206.8857421875,2,cifar10,1024,512,128,default
64,206.1315155029297,2,cifar10,1024,512,128,default
128,202.63400268554688,2,cifar10,1024,512,128,default
512,183.51239013671875,2,cifar10,1024,512,128,default
4,324.09033203125,32,mnist,1024,32,1000,default
8,319.7975769042969,32,mnist,1024,32,1000,default
16,309.96978759765625,32,mnist,1024,32,1000,default
32,183.82420349121094,32,mnist,1024,32,1000,default
4,323.92059326171875,2,mnist,256,128,500,default
32,315.85321044921875,2,mnist,256,128,500,default
64,312.3783874511719,2,mnist,256,128,500,default
128,202.01295471191406,2,mnist,256,128,500,default
4,204.71824645996094,2,cifar10,512,256,1000,default
64,200.12901306152344,2,cifar10,512,256,1000,default
128,179.0319061279297,2,cifar10,512,256,1000,default
256,223.56092834472656,2,cifar10,512,256,1000,default
4,207.735107421875,2,cifar10,512,256,1000,ef
32,206.1891326904297,2,cifar10,512,256,1000,ef
128,179.4239959716797,2,cifar10,512,256,1000,ef
256,214.50100708007812,2,cifar10,512,256,1000,ef
4,322.6205749511719,2,mnist,64,32,128,default
8,316.470458984375,2,mnist,64,32,128,default
16,308.17327880859375,2,mnist,64,32,128,default
32,187.87863159179688,2,mnist,64,32,128,default
1,205.3868408203125,4,cifar10,32,8,1000,lf
4,206.41632080078125,4,cifar10,32,8,1000,lf
8,198.883544921875,4,cifar10,32,8,1000,lf
4,325.4181213378906,2,mnist,512,256,1000,ef
32,323.5307312011719,2,mnist,512,256,1000,ef
128,312.46466064453125,2,mnist,512,256,1000,ef
256,169.14450073242188,2,mnist,512,256,1000,ef
1,210.02883911132812,256,cifar10,1024,4,1000,default
2,217.5137481689453,256,cifar10,1024,4,1000,default
4,227.5244903564453,256,cifar10,1024,4,1000,default
1,214.58099365234375,2,cifar10,4,2,32,default
2,229.35581970214844,2,cifar10,4,2,32,default
2,203.20265197753906,8,cifar10,128,16,1000,default
4,201.7233123779297,8,cifar10,128,16,1000,default
8,193.7835693359375,8,cifar10,128,16,1000,default
16,128.92698669433594,8,cifar10,128,16,1000,default
4,208.724609375,2,cifar10,256,128,1000,default
32,203.8314208984375,2,cifar10,256,128,1000,default
64,182.3903045654297,2,cifar10,256,128,1000,default
128,239.14480590820312,2,cifar10,256,128,1000,default
4,208.72219848632812,2,cifar10,64,32,1000,default
8,205.35098266601562,2,cifar10,64,32,1000,default
16,184.9500732421875,2,cifar10,64,32,1000,default
32,253.96322631835938,2,cifar10,64,32,1000,default
4,321.950439453125,2,mnist,64,32,1000,default
8,315.0136413574219,2,mnist,64,32,1000,default
16,312.4498291015625,2,mnist,64,32,1000,default
32,286.87994384765625,2,mnist,64,32,1000,default
4,205.88575744628906,16,cifar10,1024,64,1000,default
16,203.70895385742188,16,cifar10,1024,64,1000,default
32,184.56954956054688,16,cifar10,1024,64,1000,default
64,102.96992492675781,16,cifar10,1024,64,1000,default
1,320.9071350097656,2,mnist,16,8,1000,default
2,317.25042724609375,2,mnist,16,8,1000,default
4,317.1810607910156,2,mnist,16,8,1000,default
8,296.94122314453125,2,mnist,16,8,1000,default
1,308.3141784667969,2,mnist,2,1,1000,lf
2,207.42861938476562,4,cifar10,128,32,1000,ef
16,183.26321411132812,4,cifar10,128,32,1000,ef
32,220.2808837890625,4,cifar10,128,32,1000,ef
1,316.1921691894531,32,mnist,32,1,1000,vefnlf
1,216.2261505126953,8,cifar10,16,2,1000,default
2,229.12266540527344,8,cifar10,16,2,1000,default
1,212.28036499023438,16,cifar10,64,4,1000,default
2,214.96026611328125,16,cifar10,64,4,1000,default
4,236.7191619873047,16,cifar10,64,4,1000,default
4,324.1250305175781,8,mnist,1024,128,1000,lf
16,322.49224853515625,8,mnist,1024,128,1000,lf
32,316.1720275878906,8,mnist,1024,128,1000,lf
128,153.07742309570312,8,mnist,1024,128,1000,lf
1,318.8515930175781,16,mnist,64,4,1000,default
2,317.7459716796875,16,mnist,64,4,1000,default
4,241.17959594726562,16,mnist,64,4,1000,default
